<?xml version="1.0" encoding="UTF-8"?>
<Configuration>
    <Appenders>
        <RollingFile name="rollingFile" fileName="logs/smartendpoint.log" filePattern="logs/smartendpoint.log.%i">
            <Policies>
                <SizeBasedTriggeringPolicy size="20MB" />
             </Policies>    
            <DefaultRolloverStrategy max="20" />    			      
            <PatternLayout>
                <Pattern>%d [%t] %-5p %c - %m%n</Pattern>                
            </PatternLayout>
        </RollingFile>   
        <Console name="console" target="SYSTEM_OUT">
            <PatternLayout pattern="%d{HH:mm:ss.SSS} [%t] %-5level %logger{36} - %msg%n"/>
            <ThresholdFilter level="INFO" onMatch="ACCEPT" onMismatch="DENY"/>      		
        </Console>		
    </Appenders>   	
    <Loggers>
        <Logger name="com.veracode" level="debug" additivity="false">
            <AppenderRef ref="rollingFile"/>
            <AppenderRef ref="console"/>        	
        </Logger>        
        <Logger name="org.java_websocket" level="warn" additivity="false">
            <AppenderRef ref="rollingFile"/>
            <AppenderRef ref="console"/>
        </Logger>           
        <Logger name="org.apache.commons.configuration" level="warn" additivity="false">
            <AppenderRef ref="rollingFile"/>
            <AppenderRef ref="console"/>
        </Logger>               
        <Root level="error">
            <AppenderRef ref="rollingFile"/>
            <AppenderRef ref="console"/>
        </Root>
    </Loggers> 
</Configuration>
